date,rate_close,rate_open,rate_high,rate_low,year,month,mom_change_pct,yoy_change_pct
2013-01-01,14.5,14.97,15.08,14.45,2013,1,-2.91,
2013-02-01,14.8,14.5,14.87,14.4,2013,2,2.08,
2013-03-01,14.78,14.8,15.01,14.67,2013,3,-0.16,
2013-04-01,14.61,14.78,14.96,14.61,2013,4,-1.12,
2013-05-01,15.4,14.61,15.45,14.6,2013,5,5.39,
2013-06-01,16.2,15.4,16.54,15.33,2013,6,5.21,
2013-07-01,16.56,16.21,16.67,15.98,2013,7,2.23,
2013-08-01,17.89,16.57,18.73,16.4,2013,8,7.99,
2013-09-01,17.04,17.91,18.68,16.79,2013,9,-4.76,
2013-10-01,16.77,17.04,17.04,16.59,2013,10,-1.54,
2013-11-01,16.99,16.78,17.4,16.74,2013,11,1.26,
2013-12-01,16.83,16.99,17.03,16.56,2013,12,-0.94,
2014-01-01,17.07,16.83,17.24,16.69,2014,1,1.43,17.72413793103449
2014-02-01,16.82,17.07,17.11,16.81,2014,2,-1.42,13.648648648648653
2014-03-01,16.34,16.82,16.92,16.25,2014,3,-2.89,10.554803788903921
2014-04-01,16.43,16.34,16.66,16.22,2014,4,0.56,12.457221081451063
2014-05-01,16.11,16.43,16.43,15.86,2014,5,-1.94,4.610389610389598
2014-06-01,16.35,16.09,16.48,16.06,2014,6,1.48,0.92592592592593
2014-07-01,16.49,16.35,16.49,16.21,2014,7,0.84,-0.4227053140096637
2014-08-01,16.47,16.49,16.81,16.43,2014,8,-0.08,-7.937395192845176
2014-09-01,16.86,16.48,16.87,16.39,2014,9,2.36,-1.0563380281690127
2014-10-01,16.71,16.86,16.87,16.58,2014,10,-0.87,-0.3577817531305816
2014-11-01,16.93,16.72,16.95,16.69,2014,11,1.32,-0.35314891112417923
2014-12-01,17.16,16.94,17.39,16.82,2014,12,1.34,1.9607843137255054
2015-01-01,16.88,17.16,17.32,16.68,2015,1,-1.62,-1.1130638547158789
2015-02-01,16.78,16.89,17.03,16.76,2015,2,-0.58,-0.23781212841854638
2015-03-01,16.96,16.79,17.19,16.79,2015,3,1.03,3.79436964504285
2015-04-01,17.29,16.96,17.36,16.86,2015,4,1.98,5.23432744978698
2015-05-01,17.35,17.3,17.53,17.23,2015,5,0.32,7.697082557417767
2015-06-01,17.31,17.35,17.51,17.27,2015,6,-0.2,5.871559633027501
2015-07-01,17.42,17.32,17.5,17.22,2015,7,0.59,5.639781685870249
2015-08-01,18.08,17.42,18.22,17.33,2015,8,3.8,9.77534911961142
2015-09-01,17.83,18.08,18.22,17.83,2015,9,-1.36,5.753262158956107
2015-10-01,17.81,17.84,17.89,17.6,2015,10,-0.15,6.582884500299202
2015-11-01,18.09,17.81,18.23,17.79,2015,11,1.58,6.851742468989963
2015-12-01,18.02,18.09,18.29,17.95,2015,12,-0.35,5.011655011655014
2016-01-01,18.48,18.03,18.58,18.01,2016,1,2.51,9.478672985782
2016-02-01,18.56,18.48,18.76,18.38,2016,2,0.47,10.6078665077473
2016-03-01,18.03,18.57,18.61,18.0,2016,3,-2.85,6.308962264150941
2016-04-01,18.08,18.04,18.2,17.98,2016,4,0.26,4.569115095430876
2016-05-01,18.29,18.08,18.45,18.03,2016,5,1.17,5.4178674351584855
2016-06-01,18.37,18.3,18.58,18.09,2016,6,0.45,6.123627960716371
2016-07-01,18.14,18.38,18.4,18.14,2016,7,-1.28,4.133180252583224
2016-08-01,18.23,18.15,18.34,18.13,2016,8,0.49,0.829646017699126
2016-09-01,18.12,18.23,18.28,18.04,2016,9,-0.61,1.6264722378014795
2016-10-01,18.15,18.12,18.24,18.08,2016,10,0.2,1.9090398652442442
2016-11-01,18.67,18.16,18.76,18.03,2016,11,2.86,3.206191265892766
2016-12-01,18.5,18.68,18.68,18.33,2016,12,-0.94,2.663706992230863
2017-01-01,18.37,18.5,18.65,18.36,2017,1,-0.67,-0.5952380952380931
2017-02-01,18.16,18.38,18.43,18.13,2017,2,-1.16,-2.155172413793094
2017-03-01,17.65,18.17,18.22,17.64,2017,3,-2.79,-2.1075984470327325
2017-04-01,17.5,17.66,17.75,17.4,2017,4,-0.89,-3.207964601769897
2017-05-01,17.56,17.5,17.7,17.42,2017,5,0.37,-3.9912520503007087
2017-06-01,17.59,17.56,17.65,17.47,2017,6,0.17,-4.246053347849765
2017-07-01,17.47,17.59,17.67,17.44,2017,7,-0.69,-3.6934950385887677
2017-08-01,17.4,17.48,17.51,17.31,2017,8,-0.38,-4.552934722984103
2017-09-01,17.78,17.41,17.94,17.36,2017,9,2.16,-1.8763796909492259
2017-10-01,17.63,17.78,17.87,17.61,2017,10,-0.87,-2.8650137741046855
2017-11-01,17.55,17.63,17.84,17.5,2017,11,-0.41,-5.998928762720945
2017-12-01,17.38,17.56,17.62,17.36,2017,12,-1.0,-6.054054054054059
2018-01-01,17.3,17.38,17.46,17.22,2018,1,-0.48,-5.824714207947745
2018-02-01,17.75,17.3,17.78,17.3,2018,2,2.63,-2.2577092511013253
2018-03-01,17.73,17.75,17.78,17.62,2018,3,-0.14,0.45325779036828884
2018-04-01,18.09,17.73,18.24,17.66,2018,4,2.05,3.3714285714285808
2018-05-01,18.35,18.09,18.64,18.09,2018,5,1.46,4.498861047836011
2018-06-01,18.63,18.36,18.81,18.2,2018,6,1.53,5.912450255827162
2018-07-01,18.63,18.64,18.82,18.59,2018,7,0.0,6.639954207212373
2018-08-01,19.33,18.64,19.34,18.58,2018,8,3.73,11.091954022988503
2018-09-01,19.74,19.33,19.87,19.25,2018,9,2.11,11.023622047244075
2018-10-01,20.13,19.74,20.28,19.74,2018,10,2.0,14.180374361883153
2018-11-01,18.96,20.14,20.14,18.94,2018,11,-5.83,8.034188034188027
2018-12-01,18.94,18.96,19.78,18.94,2018,12,-0.11,8.975834292290008
2019-01-01,19.31,18.94,19.47,18.85,2019,1,1.99,11.618497109826587
2019-02-01,19.28,19.32,19.56,19.17,2019,2,-0.16,8.61971830985917
2019-03-01,18.83,19.29,19.33,18.61,2019,3,-2.34,6.204173716864059
2019-04-01,18.96,18.84,19.15,18.62,2019,4,0.66,4.809286898839149
2019-05-01,18.94,18.96,19.23,18.81,2019,5,-0.09,3.215258855585823
2019-06-01,18.77,18.94,19.06,18.75,2019,6,-0.9,0.7514761137949577
2019-07-01,18.75,18.77,18.83,18.59,2019,7,-0.12,0.6441223832528209
2019-08-01,19.45,18.75,19.67,18.75,2019,8,3.76,0.6207966890843242
2019-09-01,19.23,19.45,19.71,19.15,2019,9,-1.13,-2.583586626139811
2019-10-01,19.33,19.23,19.53,19.23,2019,10,0.49,-3.9741679085941395
2019-11-01,19.53,19.33,19.67,19.21,2019,11,1.07,3.0063291139240444
2019-12-01,19.42,19.54,19.55,19.2,2019,12,-0.55,2.5343189017951406
2020-01-01,19.48,19.43,19.64,19.24,2020,1,0.27,0.8803728638011377
2020-02-01,19.75,19.47,19.76,19.35,2020,2,1.39,2.4377593360995764
2020-03-01,20.51,19.75,20.8,19.61,2020,3,3.86,8.921933085501887
2020-04-01,20.44,20.51,20.97,20.39,2020,4,-0.34,7.805907172995785
2020-05-01,20.58,20.44,20.73,20.43,2020,5,0.67,8.658922914466727
2020-06-01,20.56,20.58,20.8,20.41,2020,6,-0.07,9.536494405966955
2020-07-01,20.39,20.57,20.59,20.28,2020,7,-0.82,8.74666666666668
2020-08-01,19.94,20.4,20.5,19.89,2020,8,-2.22,2.5192802056555275
2020-09-01,20.02,19.94,20.16,19.81,2020,9,0.42,4.1081643265730605
2020-10-01,20.3,20.03,20.34,19.87,2020,10,1.35,5.018106570098313
2020-11-01,20.14,20.3,20.4,20.05,2020,11,-0.75,3.1233998975934485
2020-12-01,19.88,20.15,20.17,19.86,2020,12,-1.29,2.3686920700308756
2021-01-01,19.84,19.89,20.04,19.82,2021,1,-0.22,1.848049281314168
2021-02-01,20.12,19.85,20.16,19.67,2021,2,1.43,1.8734177215189884
2021-03-01,19.91,20.13,20.13,19.67,2021,3,-1.06,-2.925402242808395
2021-04-01,20.16,19.91,20.57,19.91,2021,4,1.25,-1.3698630136986356
2021-05-01,19.74,20.17,20.24,19.69,2021,5,-2.07,-4.081632653061229
2021-06-01,20.24,19.74,20.27,19.74,2021,6,2.55,-1.5564202334630406
2021-07-01,20.24,20.25,20.43,20.21,2021,7,-0.03,-0.735654732712121
2021-08-01,19.86,20.24,20.29,19.85,2021,8,-1.86,-0.4012036108325012
2021-09-01,20.19,19.86,20.25,19.85,2021,9,1.68,0.8491508491508482
2021-10-01,20.39,20.19,20.6,20.17,2021,10,1.0,0.4433497536945774
2021-11-01,20.44,20.4,20.47,20.1,2021,11,0.24,1.4895729890764597
2021-12-01,20.27,20.45,20.81,20.17,2021,12,-0.83,1.9617706237424537
2022-01-01,20.29,20.28,20.51,20.08,2022,1,0.08,2.2681451612903247
2022-02-01,20.55,20.3,20.65,20.24,2022,2,1.3,2.137176938369789
2022-03-01,20.66,20.56,21.01,20.49,2022,3,0.54,3.766951280763431
2022-04-01,20.83,20.67,20.91,20.49,2022,4,0.81,3.3234126984126977
2022-05-01,21.12,20.84,21.21,20.69,2022,5,1.37,6.99088145896658
2022-06-01,21.49,21.13,21.53,21.07,2022,6,1.78,6.175889328063233
2022-07-01,21.6,21.5,21.84,21.45,2022,7,0.49,6.719367588932812
2022-08-01,21.64,21.6,21.82,21.34,2022,8,0.19,8.962739174219546
2022-09-01,22.19,21.65,22.33,21.51,2022,9,2.54,9.905894006934135
2022-10-01,22.53,22.19,22.67,22.13,2022,10,1.55,10.495340853359503
2022-11-01,22.15,22.54,22.6,21.91,2022,11,-1.7,8.365949119373761
2022-12-01,22.52,22.15,22.6,22.05,2022,12,1.68,11.100148001973364
2023-01-01,22.25,22.53,22.61,22.02,2023,1,-1.19,9.65993100049285
2023-02-01,22.5,22.26,22.61,22.24,2023,2,1.1,9.48905109489051
2023-03-01,22.37,22.5,22.58,22.22,2023,3,-0.56,8.276863504356257
2023-04-01,22.25,22.38,22.46,22.2,2023,4,-0.53,6.817090734517528
2023-05-01,22.51,22.26,22.59,22.23,2023,5,1.16,6.581439393939403
2023-06-01,22.35,22.51,22.52,22.28,2023,6,-0.72,4.001861330851564
2023-07-01,22.39,22.35,22.55,22.24,2023,7,0.18,3.657407407407409
2023-08-01,22.51,22.39,22.72,22.38,2023,8,0.56,4.0203327171904
2023-09-01,22.6,22.52,22.7,22.48,2023,9,0.4,1.8476791347453725
2023-10-01,22.67,22.61,22.69,22.58,2023,10,0.28,0.6213936972925049
2023-11-01,22.69,22.67,22.73,22.57,2023,11,0.13,2.4379232505643555
2023-12-01,22.65,22.71,22.73,22.57,2023,12,-0.21,0.5772646536412074
2024-01-01,22.61,22.66,22.7,22.53,2024,1,-0.15,1.6179775280898756
2024-02-01,22.57,22.62,22.63,22.55,2024,2,-0.2,0.31111111111110645
2024-03-01,22.69,22.57,22.8,22.5,2024,3,0.55,1.4304872597228346
2024-04-01,22.72,22.7,22.8,22.64,2024,4,0.11,2.112359550561793
2024-05-01,22.71,22.72,22.75,22.6,2024,5,0.0,0.8884940026654853
2024-06-01,22.69,22.72,22.78,22.58,2024,6,-0.08,1.5212527964205913
2024-07-01,22.79,22.69,22.82,22.69,2024,7,0.41,1.7865118356409138
2024-08-01,22.83,22.79,22.91,22.77,2024,8,0.21,1.4215904042647498
2024-09-01,22.8,22.84,22.88,22.72,2024,9,-0.14,0.8849557522123908
2024-10-01,22.88,22.81,22.91,22.81,2024,10,0.36,0.9263343625937281
2024-11-01,23.02,22.89,23.04,22.88,2024,11,0.6,1.4543851917144135
2024-12-01,23.29,23.02,23.37,23.01,2024,12,1.16,2.8256070640176656
2025-01-01,23.57,23.3,23.61,23.3,2025,1,1.21,4.245908889871752
2025-02-01,23.82,23.57,23.96,23.5,2025,2,1.06,5.538325210456363
2025-03-01,23.27,23.82,23.82,23.25,2025,3,-2.31,2.556192155134407
2025-04-01,23.03,23.27,23.62,23.0,2025,4,-1.03,1.3644366197183233
2025-05-01,23.28,23.03,23.45,22.81,2025,5,1.09,2.5099075297225992
2025-06-01,23.34,23.29,23.67,23.22,2025,6,0.26,2.8646981048920273
2025-07-01,23.83,23.33,23.92,23.19,2025,7,2.1,4.563405002193943
2025-08-01,24.01,23.83,24.04,23.66,2025,8,0.76,5.168637757336847
2025-09-01,24.19,24.01,24.22,23.87,2025,9,0.75,6.096491228070189
2025-10-01,24.17,24.19,24.2,23.85,2025,10,-0.08,5.638111888111896
2025-11-01,24.33,24.17,24.43,24.05,2025,11,0.66,5.69070373588183
2025-12-01,24.47,24.33,24.8,24.3,2025,12,0.58,5.066552168312577
