"Date","Price","Open","High","Low","Vol.","Change %"
"12/01/2025","24.47","24.33","24.80","24.30","","0.58%"
"11/01/2025","24.33","24.17","24.43","24.05","","0.66%"
"10/01/2025","24.17","24.19","24.20","23.85","","-0.08%"
"09/01/2025","24.19","24.01","24.22","23.87","","0.75%"
"08/01/2025","24.01","23.83","24.04","23.66","","0.76%"
"07/01/2025","23.83","23.33","23.92","23.19","","2.10%"
"06/01/2025","23.34","23.29","23.67","23.22","","0.26%"
"05/01/2025","23.28","23.03","23.45","22.81","","1.09%"
"04/01/2025","23.03","23.27","23.62","23.00","","-1.03%"
"03/01/2025","23.27","23.82","23.82","23.25","","-2.31%"
"02/01/2025","23.82","23.57","23.96","23.50","","1.06%"
"01/01/2025","23.57","23.30","23.61","23.30","","1.21%"
"12/01/2024","23.29","23.02","23.37","23.01","","1.16%"
"11/01/2024","23.02","22.89","23.04","22.88","","0.60%"
"10/01/2024","22.88","22.81","22.91","22.81","","0.36%"
"09/01/2024","22.80","22.84","22.88","22.72","","-0.14%"
"08/01/2024","22.83","22.79","22.91","22.77","","0.21%"
"07/01/2024","22.79","22.69","22.82","22.69","","0.41%"
"06/01/2024","22.69","22.72","22.78","22.58","","-0.08%"
"05/01/2024","22.71","22.72","22.75","22.60","","0.00%"
"04/01/2024","22.72","22.70","22.80","22.64","","0.11%"
"03/01/2024","22.69","22.57","22.80","22.50","","0.55%"
"02/01/2024","22.57","22.62","22.63","22.55","","-0.20%"
"01/01/2024","22.61","22.66","22.70","22.53","","-0.15%"
"12/01/2023","22.65","22.71","22.73","22.57","","-0.21%"
"11/01/2023","22.69","22.67","22.73","22.57","","0.13%"
"10/01/2023","22.67","22.61","22.69","22.58","","0.28%"
"09/01/2023","22.60","22.52","22.70","22.48","","0.40%"
"08/01/2023","22.51","22.39","22.72","22.38","","0.56%"
"07/01/2023","22.39","22.35","22.55","22.24","","0.18%"
"06/01/2023","22.35","22.51","22.52","22.28","","-0.72%"
"05/01/2023","22.51","22.26","22.59","22.23","","1.16%"
"04/01/2023","22.25","22.38","22.46","22.20","","-0.53%"
"03/01/2023","22.37","22.50","22.58","22.22","","-0.56%"
"02/01/2023","22.50","22.26","22.61","22.24","","1.10%"
"01/01/2023","22.25","22.53","22.61","22.02","","-1.19%"
"12/01/2022","22.52","22.15","22.60","22.05","","1.68%"
"11/01/2022","22.15","22.54","22.60","21.91","","-1.70%"
"10/01/2022","22.53","22.19","22.67","22.13","","1.55%"
"09/01/2022","22.19","21.65","22.33","21.51","","2.54%"
"08/01/2022","21.64","21.60","21.82","21.34","","0.19%"
"07/01/2022","21.60","21.50","21.84","21.45","","0.49%"
"06/01/2022","21.49","21.13","21.53","21.07","","1.78%"
"05/01/2022","21.12","20.84","21.21","20.69","","1.37%"
"04/01/2022","20.83","20.67","20.91","20.49","","0.81%"
"03/01/2022","20.66","20.56","21.01","20.49","","0.54%"
"02/01/2022","20.55","20.30","20.65","20.24","","1.30%"
"01/01/2022","20.29","20.28","20.51","20.08","","0.08%"
"12/01/2021","20.27","20.45","20.81","20.17","","-0.83%"
"11/01/2021","20.44","20.40","20.47","20.10","","0.24%"
"10/01/2021","20.39","20.19","20.60","20.17","","1.00%"
"09/01/2021","20.19","19.86","20.25","19.85","","1.68%"
"08/01/2021","19.86","20.24","20.29","19.85","","-1.86%"
"07/01/2021","20.24","20.25","20.43","20.21","","-0.03%"
"06/01/2021","20.24","19.74","20.27","19.74","","2.55%"
"05/01/2021","19.74","20.17","20.24","19.69","","-2.07%"
"04/01/2021","20.16","19.91","20.57","19.91","","1.25%"
"03/01/2021","19.91","20.13","20.13","19.67","","-1.06%"
"02/01/2021","20.12","19.85","20.16","19.67","","1.43%"
"01/01/2021","19.84","19.89","20.04","19.82","","-0.22%"
"12/01/2020","19.88","20.15","20.17","19.86","","-1.29%"
"11/01/2020","20.14","20.30","20.40","20.05","","-0.75%"
"10/01/2020","20.30","20.03","20.34","19.87","","1.35%"
"09/01/2020","20.02","19.94","20.16","19.81","","0.42%"
"08/01/2020","19.94","20.40","20.50","19.89","","-2.22%"
"07/01/2020","20.39","20.57","20.59","20.28","","-0.82%"
"06/01/2020","20.56","20.58","20.80","20.41","","-0.07%"
"05/01/2020","20.58","20.44","20.73","20.43","","0.67%"
"04/01/2020","20.44","20.51","20.97","20.39","","-0.34%"
"03/01/2020","20.51","19.75","20.80","19.61","","3.86%"
"02/01/2020","19.75","19.47","19.76","19.35","","1.39%"
"01/01/2020","19.48","19.43","19.64","19.24","","0.27%"
"12/01/2019","19.42","19.54","19.55","19.20","","-0.55%"
"11/01/2019","19.53","19.33","19.67","19.21","","1.07%"
"10/01/2019","19.33","19.23","19.53","19.23","","0.49%"
"09/01/2019","19.23","19.45","19.71","19.15","","-1.13%"
"08/01/2019","19.45","18.75","19.67","18.75","","3.76%"
"07/01/2019","18.75","18.77","18.83","18.59","","-0.12%"
"06/01/2019","18.77","18.94","19.06","18.75","","-0.90%"
"05/01/2019","18.94","18.96","19.23","18.81","","-0.09%"
"04/01/2019","18.96","18.84","19.15","18.62","","0.66%"
"03/01/2019","18.83","19.29","19.33","18.61","","-2.34%"
"02/01/2019","19.28","19.32","19.56","19.17","","-0.16%"
"01/01/2019","19.31","18.94","19.47","18.85","","1.99%"
"12/01/2018","18.94","18.96","19.78","18.94","","-0.11%"
"11/01/2018","18.96","20.14","20.14","18.94","","-5.83%"
"10/01/2018","20.13","19.74","20.28","19.74","","2.00%"
"09/01/2018","19.74","19.33","19.87","19.25","","2.11%"
"08/01/2018","19.33","18.64","19.34","18.58","","3.73%"
"07/01/2018","18.63","18.64","18.82","18.59","","0.00%"
"06/01/2018","18.63","18.36","18.81","18.20","","1.53%"
"05/01/2018","18.35","18.09","18.64","18.09","","1.46%"
"04/01/2018","18.09","17.73","18.24","17.66","","2.05%"
"03/01/2018","17.73","17.75","17.78","17.62","","-0.14%"
"02/01/2018","17.75","17.30","17.78","17.30","","2.63%"
"01/01/2018","17.30","17.38","17.46","17.22","","-0.48%"
"12/01/2017","17.38","17.56","17.62","17.36","","-1.00%"
"11/01/2017","17.55","17.63","17.84","17.50","","-0.41%"
"10/01/2017","17.63","17.78","17.87","17.61","","-0.87%"
"09/01/2017","17.78","17.41","17.94","17.36","","2.16%"
"08/01/2017","17.40","17.48","17.51","17.31","","-0.38%"
"07/01/2017","17.47","17.59","17.67","17.44","","-0.69%"
"06/01/2017","17.59","17.56","17.65","17.47","","0.17%"
"05/01/2017","17.56","17.50","17.70","17.42","","0.37%"
"04/01/2017","17.50","17.66","17.75","17.40","","-0.89%"
"03/01/2017","17.65","18.17","18.22","17.64","","-2.79%"
"02/01/2017","18.16","18.38","18.43","18.13","","-1.16%"
"01/01/2017","18.37","18.50","18.65","18.36","","-0.67%"
"12/01/2016","18.50","18.68","18.68","18.33","","-0.94%"
"11/01/2016","18.67","18.16","18.76","18.03","","2.86%"
"10/01/2016","18.15","18.12","18.24","18.08","","0.20%"
"09/01/2016","18.12","18.23","18.28","18.04","","-0.61%"
"08/01/2016","18.23","18.15","18.34","18.13","","0.49%"
"07/01/2016","18.14","18.38","18.40","18.14","","-1.28%"
"06/01/2016","18.37","18.30","18.58","18.09","","0.45%"
"05/01/2016","18.29","18.08","18.45","18.03","","1.17%"
"04/01/2016","18.08","18.04","18.20","17.98","","0.26%"
"03/01/2016","18.03","18.57","18.61","18.00","","-2.85%"
"02/01/2016","18.56","18.48","18.76","18.38","","0.47%"
"01/01/2016","18.48","18.03","18.58","18.01","","2.51%"
"12/01/2015","18.02","18.09","18.29","17.95","","-0.35%"
"11/01/2015","18.09","17.81","18.23","17.79","","1.58%"
"10/01/2015","17.81","17.84","17.89","17.60","","-0.15%"
"09/01/2015","17.83","18.08","18.22","17.83","","-1.36%"
"08/01/2015","18.08","17.42","18.22","17.33","","3.80%"
"07/01/2015","17.42","17.32","17.50","17.22","","0.59%"
"06/01/2015","17.31","17.35","17.51","17.27","","-0.20%"
"05/01/2015","17.35","17.30","17.53","17.23","","0.32%"
"04/01/2015","17.29","16.96","17.36","16.86","","1.98%"
"03/01/2015","16.96","16.79","17.19","16.79","","1.03%"
"02/01/2015","16.78","16.89","17.03","16.76","","-0.58%"
"01/01/2015","16.88","17.16","17.32","16.68","","-1.62%"
"12/01/2014","17.16","16.94","17.39","16.82","","1.34%"
"11/01/2014","16.93","16.72","16.95","16.69","","1.32%"
"10/01/2014","16.71","16.86","16.87","16.58","","-0.87%"
"09/01/2014","16.86","16.48","16.87","16.39","","2.36%"
"08/01/2014","16.47","16.49","16.81","16.43","","-0.08%"
"07/01/2014","16.49","16.35","16.49","16.21","","0.84%"
"06/01/2014","16.35","16.09","16.48","16.06","","1.48%"
"05/01/2014","16.11","16.43","16.43","15.86","","-1.94%"
"04/01/2014","16.43","16.34","16.66","16.22","","0.56%"
"03/01/2014","16.34","16.82","16.92","16.25","","-2.89%"
"02/01/2014","16.82","17.07","17.11","16.81","","-1.42%"
"01/01/2014","17.07","16.83","17.24","16.69","","1.43%"
"12/01/2013","16.83","16.99","17.03","16.56","","-0.94%"
"11/01/2013","16.99","16.78","17.40","16.74","","1.26%"
"10/01/2013","16.77","17.04","17.04","16.59","","-1.54%"
"09/01/2013","17.04","17.91","18.68","16.79","","-4.76%"
"08/01/2013","17.89","16.57","18.73","16.40","","7.99%"
"07/01/2013","16.56","16.21","16.67","15.98","","2.23%"
"06/01/2013","16.20","15.40","16.54","15.33","","5.21%"
"05/01/2013","15.40","14.61","15.45","14.60","","5.39%"
"04/01/2013","14.61","14.78","14.96","14.61","","-1.12%"
"03/01/2013","14.78","14.80","15.01","14.67","","-0.16%"
"02/01/2013","14.80","14.50","14.87","14.40","","2.08%"
"01/01/2013","14.50","14.97","15.08","14.45","","-2.91%"