date,year,month_num,t,rate_close,log_rate,rate_lag1,rate_lag3,rate_lag6,rate_lag12,mom_lag1,mom_change_pct,yoy_change_pct,roll3m,roll6m,roll12m,vol12m,split
2013-01-01,2013,1,0,14.5,2.6741486494265287,,,,,,-2.91,,,,,,train
2013-02-01,2013,2,1,14.8,2.6946271807700692,14.5,,,,-2.91,2.08,,14.65,,,,train
2013-03-01,2013,3,2,14.78,2.6932749155200555,14.8,,,,2.08,-0.16,,14.693333333333333,14.693333333333333,,,train
2013-04-01,2013,4,3,14.61,2.681706225762608,14.78,14.5,,,-0.16,-1.12,,14.729999999999999,14.6725,,,train
2013-05-01,2013,5,4,15.4,2.7343675094195836,14.61,14.8,,,-1.12,5.39,,14.93,14.818000000000001,,,train
2013-06-01,2013,6,5,16.2,2.785011242238338,15.4,14.78,,,5.39,5.21,,15.40333333333333,15.048333333333332,15.048333333333332,0.6444351531897271,train
2013-07-01,2013,7,6,16.56,2.8069901489571136,16.2,14.61,14.5,,5.21,2.23,,16.05333333333333,15.391666666666666,15.264285714285714,0.8200783934652661,train
2013-08-01,2013,8,7,17.89,2.884241897520628,16.56,15.4,14.8,,2.23,7.99,,16.883333333333333,15.906666666666666,15.5925,1.199270611663607,train
2013-09-01,2013,9,8,17.04,2.8355635214011694,17.89,16.2,14.78,,7.99,-4.76,,17.163333333333334,16.283333333333335,15.753333333333334,1.2211777102453198,train
2013-10-01,2013,10,9,16.77,2.8195915758351173,17.04,16.56,14.61,,-4.76,-1.54,,17.233333333333334,16.643333333333334,15.855,1.1953823191301147,train
2013-11-01,2013,11,10,16.99,2.8326249356838407,16.77,17.89,15.4,,-1.54,1.26,,16.933333333333334,16.90833333333333,15.958181818181817,1.1845490127623957,train
2013-12-01,2013,12,11,16.83,2.8231630082027146,16.99,17.04,16.2,,1.26,-0.94,,16.863333333333333,17.013333333333332,16.030833333333334,1.1571238507872046,train
2014-01-01,2014,1,12,17.07,2.837322536806349,16.83,16.77,16.56,14.5,-0.94,1.43,17.72413793103449,16.96333333333333,17.098333333333333,16.245,1.0835253909010516,train
2014-02-01,2014,2,13,16.82,2.822568654544802,17.07,16.99,17.89,14.8,1.43,-1.42,13.648648648648653,16.906666666666666,16.919999999999998,16.41333333333333,0.99164081962751,train
2014-03-01,2014,3,14,16.34,2.7936160894318567,16.82,16.83,17.04,14.78,-1.42,-2.89,10.55480378890392,16.743333333333336,16.80333333333333,16.543333333333333,0.8502227872027379,train
2014-04-01,2014,4,15,16.43,2.799108932049177,16.34,17.07,16.77,14.61,-2.89,0.56,12.457221081451063,16.53,16.746666666666666,16.695,0.5992950404054331,train
2014-05-01,2014,5,16,16.11,2.779440197188883,16.43,16.82,16.99,15.4,0.56,-1.94,4.610389610389598,16.293333333333333,16.599999999999998,16.754166666666666,0.48372528517243746,train
2014-06-01,2014,6,17,16.35,2.7942278973432626,16.11,16.34,16.83,16.2,-1.94,1.48,0.92592592592593,16.296666666666667,16.52,16.766666666666666,0.46984201084143096,train
2014-07-01,2014,7,18,16.49,2.8027541365715076,16.35,16.43,17.07,16.56,1.48,0.84,-0.4227053140096637,16.316666666666666,16.423333333333332,16.760833333333334,0.47306463777707564,train
2014-08-01,2014,8,19,16.47,2.8015405441895487,16.49,16.11,16.82,17.89,0.84,-0.08,-7.937395192845176,16.436666666666667,16.365,16.6425,0.31669098790174993,train
2014-09-01,2014,9,20,16.86,2.8249439525737094,16.47,16.35,16.34,17.04,-0.08,2.36,-1.056338028169013,16.606666666666666,16.451666666666664,16.6275,0.2999734836766335,train
2014-10-01,2014,10,21,16.71,2.8160073426073025,16.86,16.49,16.43,16.77,2.36,-0.87,-0.3577817531305816,16.68,16.498333333333335,16.6225,0.2978750500705793,train
2014-11-01,2014,11,22,16.93,2.829087196145044,16.71,16.47,16.11,16.99,-0.87,1.32,-0.3531489111241792,16.833333333333332,16.634999999999998,16.6175,0.29158267188819587,train
2014-12-01,2014,12,23,17.16,2.8425810940598164,16.93,16.86,16.35,16.83,1.32,1.34,1.9607843137255052,16.933333333333334,16.77,16.645,0.326872229694508,train
2015-01-01,2015,1,24,16.88,2.826129489167811,17.16,16.71,16.49,17.07,1.34,-1.62,-1.1130638547158789,16.99,16.835,16.629166666666666,0.30849954569978605,train
2015-02-01,2015,2,25,16.78,2.8201877010390604,16.88,16.93,16.47,16.82,-1.62,-0.58,-0.2378121284185463,16.94,16.886666666666667,16.625833333333333,0.3064594985351718,train
2015-03-01,2015,3,26,16.96,2.830857630363757,16.78,17.16,16.86,16.34,-0.58,1.03,3.79436964504285,16.87333333333333,16.903333333333332,16.6775,0.3061528138929144,train
2015-04-01,2015,4,27,17.29,2.850128299695199,16.96,16.88,16.71,16.43,1.03,1.98,5.23432744978698,17.01,17.0,16.749166666666664,0.3415594806002051,train
2015-05-01,2015,5,28,17.35,2.8535925063928684,17.29,16.78,16.93,16.11,1.98,0.32,7.697082557417767,17.2,17.07,16.852500000000003,0.3173218899133558,train
2015-06-01,2015,6,29,17.31,2.851284369188118,17.35,16.96,17.16,16.35,0.32,-0.2,5.871559633027501,17.316666666666666,17.095,16.9325,0.2996399354376713,train
2015-07-01,2015,7,30,17.42,2.857618971424357,17.31,17.29,16.88,16.49,-0.2,0.59,5.639781685870249,17.36,17.185,17.01,0.29501925977190546,train
2015-08-01,2015,8,31,18.08,2.89480635496403,17.42,17.35,16.78,16.47,0.59,3.8,9.77534911961142,17.603333333333335,17.401666666666667,17.144166666666667,0.3807518479232449,train
2015-09-01,2015,9,32,17.83,2.8808824318750488,18.08,17.31,16.96,16.86,3.8,-1.36,5.753262158956107,17.776666666666667,17.546666666666667,17.224999999999998,0.416249488124166,train
2015-10-01,2015,10,33,17.81,2.87976009730157,17.83,17.42,17.29,16.71,-1.36,-0.15,6.582884500299202,17.906666666666663,17.633333333333333,17.316666666666666,0.4136386946321165,train
2015-11-01,2015,11,34,18.09,2.895359299407204,17.81,18.08,17.35,16.93,-0.15,1.58,6.851742468989963,17.91,17.756666666666664,17.413333333333334,0.44908661511870684,train
2015-12-01,2015,12,35,18.02,2.8914822521801917,18.09,17.83,17.31,17.16,1.58,-0.35,5.011655011655014,17.973333333333333,17.875,17.485,0.47296934361540655,train
2016-01-01,2016,1,36,18.48,2.916689066213538,18.02,17.81,17.42,16.88,-0.35,2.51,9.478672985782,18.19666666666667,18.051666666666666,17.618333333333336,0.5109142132817602,train
2016-02-01,2016,2,37,18.56,2.9210087273580543,18.48,18.09,18.08,16.78,2.51,0.47,10.6078665077473,18.35333333333333,18.131666666666664,17.76666666666667,0.5037375459021292,train
2016-03-01,2016,3,38,18.03,2.8920370372152258,18.56,18.02,17.83,16.96,0.47,-2.85,6.308962264150941,18.356666666666666,18.165,17.855833333333333,0.43843644368539736,train
2016-04-01,2016,4,39,18.08,2.89480635496403,18.03,18.48,17.81,17.29,-2.85,0.26,4.569115095430876,18.223333333333333,18.209999999999997,17.921666666666667,0.4036837946469842,train
2016-05-01,2016,5,40,18.29,2.906354462402774,18.08,18.56,18.09,17.35,0.26,1.17,5.4178674351584855,18.133333333333333,18.243333333333332,17.999999999999996,0.3726807066255114,train
2016-06-01,2016,6,41,18.37,2.9107188992270343,18.29,18.03,18.02,17.31,1.17,0.45,6.123627960716371,18.246666666666666,18.301666666666666,18.088333333333335,0.31550344569022426,train
2016-07-01,2016,7,42,18.14,2.8981194446869907,18.37,18.08,18.48,17.42,0.45,-1.28,4.133180252583224,18.266666666666666,18.245,18.148333333333333,0.23505640844591902,train
2016-08-01,2016,8,43,18.23,2.9030685886905716,18.14,18.29,18.56,18.08,-1.28,0.49,0.829646017699126,18.246666666666666,18.19,18.160833333333333,0.23508057935069443,train
2016-09-01,2016,9,44,18.12,2.8970163006148333,18.23,18.37,18.03,17.83,0.49,-0.61,1.6264722378014795,18.163333333333338,18.205000000000002,18.185,0.21172452084548826,train
2016-10-01,2016,10,45,18.15,2.8986705607108596,18.12,18.14,18.08,17.81,-0.61,0.2,1.909039865244244,18.166666666666668,18.21666666666667,18.213333333333335,0.17685810097014582,train
2016-11-01,2016,11,46,18.67,2.9269179575536315,18.15,18.23,18.29,18.09,0.2,2.86,3.206191265892766,18.313333333333333,18.28,18.261666666666667,0.2151884304651128,train
2016-12-01,2016,12,47,18.5,2.917770732084279,18.67,18.12,18.37,18.02,2.86,-0.94,2.663706992230863,18.439999999999998,18.301666666666666,18.301666666666666,0.2107490249446702,train
2017-01-01,2017,1,48,18.37,2.9107188992270343,18.5,18.15,18.14,18.48,-0.94,-0.67,-0.5952380952380931,18.513333333333335,18.34,18.2925,0.20458938922093675,train
2017-02-01,2017,2,49,18.16,2.8992213731731473,18.37,18.67,18.23,18.56,-0.67,-1.16,-2.155172413793094,18.343333333333334,18.328333333333333,18.259166666666665,0.18903863642278054,train
2017-03-01,2017,3,50,17.65,2.8707357833793057,18.16,18.5,18.12,18.03,-1.16,-2.79,-2.1075984470327325,18.060000000000002,18.25,18.2275,0.2521949101929919,train
2017-04-01,2017,4,51,17.5,2.8622008809294686,17.65,18.37,18.15,18.08,-2.79,-0.89,-3.207964601769897,17.77,18.141666666666666,18.179166666666667,0.32739907073040153,train
2017-05-01,2017,5,52,17.56,2.8656235882069705,17.5,18.16,18.67,18.29,-0.89,0.37,-3.9912520503007087,17.57,17.956666666666667,18.118333333333336,0.3699836196210025,train
2017-06-01,2017,6,53,17.59,2.8673305587494666,17.56,17.65,18.5,18.37,0.37,0.17,-4.246053347849765,17.55,17.805000000000003,18.053333333333335,0.3897396178180379,train
2017-07-01,2017,7,54,17.47,2.8604851241459652,17.59,17.5,18.37,18.14,0.17,-0.69,-3.693495038588768,17.540000000000003,17.655,17.9975,0.42278567534001027,train
2017-08-01,2017,8,55,17.4,2.856470206220483,17.47,17.56,18.16,18.23,-0.69,-0.38,-4.552934722984103,17.486666666666665,17.528333333333332,17.92833333333333,0.4484079581917335,train
2017-09-01,2017,9,56,17.78,2.8780742300857587,17.4,17.59,17.65,18.12,-0.38,2.16,-1.8763796909492256,17.549999999999997,17.55,17.900000000000002,0.445931099447581,train
2017-10-01,2017,10,57,17.63,2.869601996409779,17.78,17.47,17.5,18.15,2.16,-0.87,-2.865013774104685,17.60333333333333,17.571666666666665,17.856666666666666,0.4446926074846523,train
2017-11-01,2017,11,58,17.55,2.865053949911875,17.63,17.4,17.56,18.67,-0.87,-0.41,-5.998928762720945,17.653333333333332,17.569999999999997,17.763333333333332,0.3696763531260709,train
2017-12-01,2017,12,59,17.38,2.8553201198372458,17.55,17.78,17.59,18.5,-0.41,-1.0,-6.054054054054059,17.52,17.535,17.669999999999998,0.301963272902195,train
2018-01-01,2018,1,60,17.3,2.8507065015037334,17.38,17.63,17.47,18.37,-1.0,-0.48,-5.824714207947745,17.41,17.506666666666668,17.580833333333334,0.22451800224775334,train
2018-02-01,2018,2,61,17.75,2.8763855159214247,17.3,17.55,17.4,18.16,-0.48,2.63,-2.2577092511013253,17.47666666666667,17.565,17.546666666666667,0.14574781042065,train
2018-03-01,2018,3,62,17.73,2.8752581200861167,17.75,17.38,17.78,17.65,2.63,-0.14,0.4532577903682888,17.593333333333334,17.55666666666667,17.55333333333333,0.1525738767901546,train
2018-04-01,2018,4,63,18.09,2.895359299407204,17.73,17.3,17.63,17.5,-0.14,2.05,3.3714285714285808,17.85666666666667,17.633333333333336,17.6025,0.21579135545915126,train
2018-05-01,2018,5,64,18.35,2.9096295745005794,18.09,17.75,17.55,17.56,2.05,1.46,4.498861047836011,18.05666666666667,17.766666666666666,17.668333333333333,0.30408830455919367,train
2018-06-01,2018,6,65,18.63,2.924773184613497,18.35,17.73,17.38,17.59,1.46,1.53,5.912450255827162,18.356666666666666,17.974999999999998,17.755,0.40962288643445655,train
2018-07-01,2018,7,66,18.63,2.924773184613497,18.63,18.09,17.3,17.47,1.53,0.0,6.639954207212373,18.536666666666665,18.19666666666667,17.851666666666667,0.46884448542681667,train
2018-08-01,2018,8,67,19.33,2.9616582932202395,18.63,18.35,17.75,17.4,0.0,3.73,11.091954022988505,18.86333333333333,18.459999999999997,18.0125,0.6096962731184498,train
2018-09-01,2018,9,68,19.74,2.9826470340053355,19.33,18.63,17.73,17.78,3.73,2.11,11.023622047244077,19.23333333333333,18.794999999999998,18.175833333333333,0.7803898598350136,train
2018-10-01,2018,10,69,20.13,3.0022112396517002,19.74,18.63,18.09,17.63,2.11,2.0,14.180374361883151,19.73333333333333,19.135,18.384166666666665,0.9390077774228397,train
2018-11-01,2018,11,70,18.96,2.942331496826876,20.13,19.33,18.35,17.55,2.0,-5.83,8.034188034188027,19.61,19.236666666666665,18.50166666666667,0.9129954030884163,train
2018-12-01,2018,12,71,18.94,2.9412760877579323,18.96,19.74,18.63,17.38,-5.83,-0.11,8.975834292290008,19.343333333333334,19.288333333333334,18.631666666666668,0.8474757527594071,train
2019-01-01,2019,1,72,19.31,2.960623096440423,18.94,20.13,18.63,17.3,-0.11,1.99,11.618497109826588,19.070000000000004,19.401666666666667,18.799166666666668,0.7538080094768732,train
2019-02-01,2019,2,73,19.28,2.9590682891823996,19.31,18.96,19.33,17.75,1.99,-0.16,8.61971830985917,19.176666666666666,19.393333333333334,18.926666666666666,0.686616650134843,train
2019-03-01,2019,3,74,18.83,2.935451342669061,19.28,18.94,19.74,17.73,-0.16,-2.34,6.204173716864059,19.14,19.241666666666664,19.018333333333334,0.5770116326751066,train
2019-04-01,2019,4,75,18.96,2.942331496826876,18.83,19.31,20.13,18.09,-2.34,0.66,4.809286898839149,19.02333333333333,19.046666666666667,19.090833333333332,0.49917128292494634,train
2019-05-01,2019,5,76,18.94,2.9412760877579323,18.96,19.28,18.96,18.35,0.66,-0.09,3.215258855585823,18.91,19.043333333333333,19.14,0.44576797878387087,train
2019-06-01,2019,6,77,18.77,2.9322598505984176,18.94,18.83,18.94,18.63,-0.09,-0.9,0.7514761137949577,18.89,19.015,19.151666666666667,0.43285171370871633,train
2019-07-01,2019,7,78,18.75,2.9311937524164198,18.77,18.96,19.31,18.63,-0.9,-0.12,0.6441223832528209,18.819999999999997,18.921666666666667,19.161666666666665,0.42092610738555297,train
2019-08-01,2019,8,79,19.45,2.9678470700644555,18.75,18.94,19.28,19.33,-0.12,3.76,0.6207966890843242,18.99,18.95,19.171666666666667,0.42667495257101906,train
2019-09-01,2019,9,80,19.23,2.9564715596006885,19.45,18.77,18.83,19.74,3.76,-1.13,-2.583586626139811,19.143333333333334,19.01666666666667,19.129166666666666,0.3886213004346025,train
2019-10-01,2019,10,81,19.33,2.9616582932202395,19.23,18.75,18.96,20.13,-1.13,0.49,-3.97416790859414,19.33666666666667,19.078333333333333,19.0625,0.2424543068478213,train
2019-11-01,2019,11,82,19.53,2.9719517448885875,19.33,19.45,18.94,18.96,0.49,1.07,3.0063291139240444,19.363333333333333,19.176666666666666,19.11,0.2742924782715166,train
2019-12-01,2019,12,83,19.42,2.966303462863179,19.53,19.23,18.77,18.94,1.07,-0.55,2.5343189017951406,19.426666666666666,19.285,19.150000000000002,0.28213471959325914,train
2020-01-01,2020,1,84,19.48,2.969388298214389,19.42,19.33,18.75,19.31,-0.55,0.27,0.8803728638011377,19.476666666666667,19.40666666666667,19.164166666666667,0.29487927678756104,train
2020-02-01,2020,2,85,19.75,2.9831534913471307,19.48,19.53,19.45,19.28,0.27,1.39,2.4377593360995764,19.55,19.456666666666667,19.203333333333333,0.33950052438924677,train
2020-03-01,2020,3,86,20.51,3.0209125720842893,19.75,19.42,19.23,18.83,1.39,3.86,8.921933085501887,19.913333333333338,19.67,19.343333333333334,0.4862347606087115,train
2020-04-01,2020,4,87,20.44,3.017493765335504,20.51,19.48,19.33,18.96,3.86,-0.34,7.805907172995785,20.233333333333334,19.855,19.466666666666665,0.5619662450770777,train
2020-05-01,2020,5,88,20.58,3.0243197304059035,20.44,19.75,19.53,18.94,-0.34,0.67,8.658922914466727,20.51,20.03,19.603333333333335,0.618786691596498,train
2020-06-01,2020,6,89,20.56,3.0233474405869645,20.58,20.51,19.42,18.77,0.67,-0.07,9.536494405966955,20.526666666666667,20.22,19.7525,0.615380517905915,train
2020-07-01,2020,7,90,20.39,3.015044584586364,20.56,20.44,19.48,18.75,-0.07,-0.82,8.74666666666668,20.51,20.371666666666666,19.889166666666664,0.5512705709760078,train
2020-08-01,2020,8,91,19.94,2.9927277645336923,20.39,20.58,19.75,19.45,-0.82,-2.22,2.5192802056555275,20.296666666666667,20.403333333333332,19.93,0.533649527482026,train
2020-09-01,2020,9,92,20.02,2.9967317738870745,19.94,20.56,20.51,19.23,-2.22,0.42,4.1081643265730605,20.116666666666664,20.321666666666665,19.995833333333334,0.4860500971810098,train
2020-10-01,2020,10,93,20.3,3.0106208860477417,20.02,20.39,20.44,19.33,0.42,1.35,5.018106570098313,20.086666666666666,20.298333333333332,20.076666666666668,0.44409936098154323,train
2020-11-01,2020,11,94,20.14,3.0027078872904163,20.3,19.94,20.58,19.53,1.35,-0.75,3.1233998975934485,20.153333333333332,20.224999999999998,20.1275,0.4093925655495542,train
2020-12-01,2020,12,95,19.88,2.989714201228428,20.14,20.02,20.56,19.42,-0.75,-1.29,2.368692070030876,20.106666666666666,20.111666666666665,20.165833333333335,0.3550533463972039,train
2021-01-01,2021,1,96,19.84,2.987700101856727,19.88,20.3,20.39,19.48,-1.29,-0.22,1.848049281314168,19.953333333333333,20.02,20.195833333333333,0.30326880765575676,train
2021-02-01,2021,2,97,20.12,3.0017143452315387,19.84,20.14,19.94,19.75,-0.22,1.43,1.8734177215189884,19.94666666666667,20.05,20.226666666666667,0.2709019726540469,train
2021-03-01,2021,3,98,19.91,2.991222118076105,20.12,19.88,20.02,20.51,1.43,-1.06,-2.925402242808395,19.956666666666667,20.031666666666666,20.176666666666666,0.2692188475548511,train
2021-04-01,2021,4,99,20.16,3.0037004432031678,19.91,19.84,20.3,20.44,-1.06,1.25,-1.3698630136986356,20.063333333333333,20.008333333333336,20.153333333333332,0.2561368005696066,train
2021-05-01,2021,5,100,19.74,2.9826470340053355,20.16,20.12,20.14,20.58,1.25,-2.07,-4.081632653061229,19.936666666666664,19.941666666666666,20.083333333333332,0.24339766687952683,train
2021-06-01,2021,6,101,20.24,3.0076608444192647,19.74,19.91,19.88,20.56,-2.07,2.55,-1.5564202334630406,20.046666666666667,20.00166666666667,20.05666666666667,0.20010603249876482,train
2021-07-01,2021,7,102,20.24,3.0076608444192647,20.24,20.16,19.84,20.39,2.55,-0.03,-0.735654732712121,20.073333333333334,20.06833333333333,20.044166666666666,0.18118089069073284,train
2021-08-01,2021,8,103,19.86,2.9887076586170265,20.24,19.74,20.12,19.94,-0.03,-1.86,-0.4012036108325012,20.113333333333333,20.025,20.0375,0.1867484939697561,train
2021-09-01,2021,9,104,20.19,3.005187432324746,19.86,20.24,19.91,20.02,-1.86,1.68,0.8491508491508482,20.096666666666664,20.07166666666667,20.051666666666666,0.19168313499730913,train
2021-10-01,2021,10,105,20.39,3.015044584586364,20.19,20.24,20.16,20.3,1.68,1.0,0.4433497536945774,20.146666666666665,20.11,20.059166666666666,0.2036689976555911,train
2021-11-01,2021,11,106,20.44,3.017493765335504,20.39,19.86,19.74,20.14,1.0,0.24,1.4895729890764595,20.34,20.226666666666667,20.084166666666665,0.23106308990214053,train
2021-12-01,2021,12,107,20.27,3.0091419604639085,20.44,20.19,20.24,19.88,0.24,-0.83,1.9617706237424537,20.366666666666664,20.231666666666666,20.116666666666667,0.22712965193442367,train
2022-01-01,2022,1,108,20.29,3.0101281538377234,20.27,20.39,20.24,19.84,-0.83,0.08,2.2681451612903247,20.333333333333332,20.24,20.154166666666665,0.2140712852100659,train
2022-02-01,2022,2,109,20.55,3.022860940942244,20.29,20.44,19.86,20.12,0.08,1.3,2.137176938369789,20.37,20.355,20.19,0.2419992486839808,train
2022-03-01,2022,3,110,20.66,3.0281994636914926,20.55,20.27,20.19,19.91,1.3,0.54,3.766951280763431,20.5,20.433333333333334,20.2525,0.2593391952285537,train
2022-04-01,2022,4,111,20.83,3.0363942552728806,20.66,20.29,20.39,20.16,0.54,0.81,3.3234126984126977,20.679999999999996,20.506666666666668,20.308333333333334,0.30560917803126597,train
2022-05-01,2022,5,112,21.12,3.050220458838061,20.83,20.55,20.44,19.74,0.81,1.37,6.99088145896658,20.87,20.62,20.423333333333332,0.33090326335191655,train
2022-06-01,2022,6,113,21.49,3.067587710654419,21.12,20.66,20.27,20.24,1.37,1.78,6.175889328063233,21.146666666666665,20.823333333333334,20.5275,0.4450153214931099,train
2022-07-01,2022,7,114,21.6,3.0726933146901194,21.49,20.83,20.29,20.24,1.78,0.49,6.719367588932812,21.403333333333336,21.041666666666668,20.640833333333333,0.5301707843761687,train
2022-08-01,2022,8,115,21.64,3.074543453978281,21.6,21.12,20.55,19.86,0.49,0.19,8.962739174219546,21.576666666666668,21.223333333333333,20.789166666666667,0.5407479388155974,train
2022-09-01,2022,9,116,22.19,3.0996417369445024,21.64,21.49,20.66,20.19,0.19,2.54,9.905894006934137,21.810000000000002,21.478333333333335,20.955833333333334,0.6386414320946185,train
2022-10-01,2022,10,117,22.53,3.114847754444153,22.19,21.6,20.83,20.39,2.54,1.55,10.495340853359505,22.12,21.761666666666667,21.13416666666667,0.7545433095989885,train
2022-11-01,2022,11,118,22.15,3.0978374964911444,22.53,21.64,21.12,20.44,1.55,-1.7,8.365949119373761,22.290000000000003,21.933333333333334,21.276666666666667,0.7727793208852508,train
2022-12-01,2022,12,119,22.52,3.1144038032714896,22.15,22.19,21.49,20.27,-1.7,1.68,11.100148001973364,22.400000000000002,22.105,21.464166666666667,0.7792590692251776,train
2023-01-01,2023,1,120,22.25,3.1023420086122493,22.52,22.53,21.6,20.29,1.68,-1.19,9.65993100049285,22.30666666666667,22.213333333333335,21.6275,0.7134057241659354,test
2023-02-01,2023,2,121,22.5,3.1135153092103742,22.25,22.15,21.64,20.55,-1.19,1.1,9.48905109489051,22.423333333333332,22.356666666666666,21.790000000000003,0.6661831579978569,test
2023-03-01,2023,3,122,22.37,3.107720775502038,22.5,22.52,22.19,20.66,1.1,-0.56,8.276863504356257,22.373333333333335,22.386666666666667,21.9325,0.579782482723242,test
2023-04-01,2023,4,123,22.25,3.1023420086122493,22.37,22.25,22.53,20.83,-0.56,-0.53,6.817090734517528,22.373333333333335,22.34,22.050833333333333,0.46854626885784306,test
2023-05-01,2023,5,124,22.51,3.113959654918641,22.25,22.5,22.15,21.12,-0.53,1.16,6.581439393939403,22.37666666666667,22.400000000000002,22.166666666666668,0.38117839615719407,test
2023-06-01,2023,6,125,22.35,3.106826321059578,22.51,22.37,22.52,21.49,1.16,-0.72,4.001861330851564,22.37,22.371666666666666,22.238333333333333,0.3180003811699659,test
2023-07-01,2023,7,126,22.39,3.1086144306106633,22.35,22.25,22.25,21.6,-0.72,0.18,3.657407407407409,22.416666666666668,22.395,22.30416666666667,0.2478804086040248,test
2023-08-01,2023,8,127,22.51,3.113959654918641,22.39,22.51,22.5,21.64,0.18,0.56,4.0203327171904,22.416666666666668,22.396666666666665,22.376666666666665,0.13950127619705696,test
2023-09-01,2023,9,128,22.6,3.1179499062782403,22.51,22.35,22.37,22.19,0.56,0.4,1.8476791347453725,22.5,22.435000000000002,22.410833333333333,0.13983485931193868,test
2023-10-01,2023,10,129,22.67,3.1210424645194377,22.6,22.39,22.25,22.53,0.4,0.28,0.6213936972925049,22.593333333333334,22.505,22.4225,0.1556292213739326,test
2023-11-01,2023,11,130,22.69,3.1219242987917504,22.67,22.51,22.51,22.15,0.28,0.13,2.4379232505643555,22.653333333333336,22.535,22.4675,0.1475327390476823,test
2023-12-01,2023,12,131,22.65,3.120159851929043,22.69,22.6,22.35,22.52,0.13,-0.21,0.5772646536412074,22.67,22.585000000000004,22.478333333333335,0.1562534848096324,test
2024-01-01,2024,1,132,22.61,3.1183922862898785,22.65,22.67,22.39,22.25,-0.21,-0.15,1.6179775280898756,22.650000000000002,22.621666666666666,22.508333333333336,0.1423716859832033,test
2024-02-01,2024,2,133,22.57,3.1166215908294443,22.61,22.69,22.51,22.5,-0.15,-0.2,0.3111111111111064,22.61,22.63166666666667,22.514166666666668,0.14342931951652235,test
2024-03-01,2024,3,134,22.69,3.1219242987917504,22.57,22.65,22.6,22.37,-0.2,0.55,1.4304872597228346,22.623333333333335,22.646666666666665,22.540833333333335,0.14393548639035342,test
2024-04-01,2024,4,135,22.72,3.1232455938529506,22.69,22.61,22.67,22.25,0.55,0.11,2.112359550561793,22.659999999999997,22.655,22.580000000000002,0.11946852000728476,test
2024-05-01,2024,5,136,22.71,3.122805356117467,22.72,22.57,22.69,22.51,0.11,0.0,0.8884940026654853,22.706666666666667,22.65833333333333,22.596666666666668,0.12272166092670869,test
2024-06-01,2024,6,137,22.69,3.1219242987917504,22.71,22.69,22.65,22.35,0.0,-0.08,1.5212527964205913,22.706666666666667,22.665000000000003,22.625,0.09718772836865233,test
2024-07-01,2024,7,138,22.79,3.126321843257593,22.69,22.72,22.61,22.39,-0.08,0.41,1.7865118356409138,22.73,22.695000000000004,22.658333333333335,0.07541802694239305,test
2024-08-01,2024,8,139,22.83,3.1280754605417043,22.79,22.71,22.57,22.51,0.41,0.21,1.4215904042647498,22.77,22.738333333333333,22.685,0.07477238187268186,test
2024-09-01,2024,9,140,22.8,3.126760535960395,22.83,22.69,22.69,22.6,0.21,-0.14,0.8849557522123908,22.80666666666667,22.756666666666664,22.701666666666668,0.07637626158263193,test
2024-10-01,2024,10,141,22.88,3.130263166511597,22.8,22.79,22.72,22.67,-0.14,0.36,0.926334362593728,22.836666666666662,22.78333333333333,22.719166666666666,0.09110017795947413,test
2024-11-01,2024,11,142,23.02,3.1363634032937364,22.88,22.83,22.71,22.69,0.36,0.6,1.4543851917144135,22.899999999999995,22.834999999999997,22.74666666666667,0.12499696966026032,test
2024-12-01,2024,12,143,23.29,3.1480240838962494,23.02,22.8,22.69,22.65,0.6,1.16,2.8256070640176656,23.063333333333333,22.935,22.8,0.19623733311757183,test
2025-01-01,2025,1,144,23.57,3.1599747169480397,23.29,22.88,22.79,22.61,1.16,1.21,4.245908889871752,23.293333333333333,23.065,22.88,0.2866102833909859,test
2025-02-01,2025,2,145,23.82,3.170525563927154,23.57,23.02,22.83,22.57,1.21,1.06,5.538325210456363,23.560000000000002,23.23,22.984166666666667,0.3766951584826252,test
2025-03-01,2025,3,146,23.27,3.1471649773142003,23.82,23.29,22.8,22.69,1.06,-2.31,2.556192155134407,23.55333333333333,23.308333333333334,23.0325,0.37270814806812536,test
2025-04-01,2025,4,147,23.03,3.136797713832594,23.27,23.57,22.88,22.72,-2.31,-1.03,1.3644366197183233,23.373333333333335,23.333333333333332,23.058333333333334,0.35959151909641673,test
2025-05-01,2025,5,148,23.28,3.147594622863237,23.03,23.82,23.02,22.71,-1.03,1.09,2.5099075297225992,23.19333333333333,23.376666666666665,23.105833333333333,0.34681560029224334,test
2025-06-01,2025,6,149,23.34,3.15016862685841,23.28,23.27,23.29,22.69,1.09,0.26,2.8646981048920277,23.21666666666667,23.385,23.16,0.32610650797778246,test
2025-07-01,2025,7,150,23.83,3.170945291110651,23.34,23.03,23.57,22.79,0.26,2.1,4.563405002193943,23.483333333333334,23.42833333333333,23.246666666666666,0.35568968429680464,test
2025-08-01,2025,8,151,24.01,3.178470410233162,23.83,23.28,23.82,22.83,2.1,0.76,5.168637757336847,23.72666666666667,23.459999999999997,23.345000000000002,0.3913496460386219,test
2025-09-01,2025,9,152,24.19,3.185939324621936,24.01,23.34,23.27,22.8,0.76,0.75,6.096491228070189,24.01,23.613333333333333,23.460833333333337,0.4200315644704867,test
2025-10-01,2025,10,153,24.17,3.1851121947153915,24.19,23.83,23.03,22.88,0.75,-0.08,5.638111888111896,24.123333333333335,23.80333333333333,23.56833333333333,0.422929896046267,test
2025-11-01,2025,11,154,24.33,3.1917101567954314,24.17,24.01,23.28,23.02,-0.08,0.66,5.69070373588183,24.23,23.978333333333335,23.6775,0.43734997427690386,test
2025-12-01,2025,12,155,24.47,3.19744787745458,24.33,24.19,23.34,23.29,0.66,0.58,5.066552168312577,24.323333333333334,24.166666666666668,23.775833333333335,0.4734680239435158,test
