quarter,year,quarter_num,t,hpi_primary,log_hpi,hpi_lag1,hpi_lag4,hpi_lag8,growth_lag1,hpi_roll4q,hpi_qoq_pct,hpi_yoy_pct,post_covid,covid_period,hpi_source,split
2013-06-01,2013,2,0,85.0,4.442651256490317,,,,,,,,0,0,market,train
2013-09-01,2013,3,1,86.0,4.454347296253507,85.0,,,,85.5,1.17647058823529,,0,0,market,train
2013-12-01,2013,4,2,87.0,4.465908118654584,86.0,,,1.17647058823529,86.0,1.162790697674421,,0,0,market,train
2014-03-01,2014,1,3,88.0,4.477336814478207,87.0,,,1.162790697674421,86.5,1.1494252873563315,,0,0,market,train
2014-06-01,2014,2,4,90.0,4.499809670330265,88.0,85.0,,1.1494252873563315,87.75,2.2727272727272707,5.882352941176472,0,0,market,train
2014-09-01,2014,3,5,91.0,4.51085950651685,90.0,86.0,,2.2727272727272707,89.0,1.1111111111111072,5.813953488372103,0,0,market,train
2014-12-01,2014,4,6,92.0,4.5217885770490405,91.0,87.0,,1.1111111111111072,90.25,1.098901098901095,5.747126436781613,0,0,market,train
2015-03-01,2015,1,7,94.0,4.543294782270004,92.0,88.0,,1.098901098901095,91.75,2.1739130434782705,6.818181818181812,0,0,market,train
2015-06-01,2015,2,8,94.0,4.543294782270004,94.0,90.0,85.0,2.1739130434782705,92.75,0.0,4.444444444444451,0,0,market,train
2015-09-01,2015,3,9,95.0,4.553876891600541,94.0,91.0,86.0,0.0,93.75,1.0638297872340496,4.395604395604402,0,0,market,train
2015-12-01,2015,4,10,96.0,4.564348191467836,95.0,92.0,87.0,1.0638297872340496,94.75,1.0526315789473717,4.347826086956519,0,0,market,train
2016-03-01,2016,1,11,96.0,4.564348191467836,96.0,94.0,88.0,1.0526315789473717,95.25,0.0,2.127659574468077,0,0,market,train
2016-06-01,2016,2,12,97.0,4.574710978503383,96.0,94.0,90.0,0.0,96.0,1.041666666666674,3.1914893617021267,0,0,market,train
2016-09-01,2016,3,13,97.0,4.574710978503383,97.0,95.0,91.0,1.041666666666674,96.5,0.0,2.1052631578947434,0,0,market,train
2016-12-01,2016,4,14,97.0,4.574710978503383,97.0,96.0,92.0,0.0,96.75,0.0,1.041666666666674,0,0,market,train
2017-03-01,2017,1,15,97.0,4.574710978503383,97.0,96.0,94.0,0.0,97.0,0.0,1.041666666666674,0,0,market,train
2017-06-01,2017,2,16,98.0,4.584967478670572,97.0,97.0,94.0,0.0,97.25,1.0309278350515427,1.0309278350515427,0,0,market,train
2017-09-01,2017,3,17,98.0,4.584967478670572,98.0,97.0,95.0,1.0309278350515427,97.5,0.0,1.0309278350515427,0,0,market,train
2017-12-01,2017,4,18,99.0,4.59511985013459,98.0,97.0,96.0,0.0,98.0,1.0204081632652962,2.061855670103085,0,0,market,train
2018-03-01,2018,1,19,100.0,4.605170185988092,99.0,97.0,96.0,1.0204081632652962,98.75,1.0101010101010166,3.092783505154628,0,0,market,train
2018-06-01,2018,2,20,101.0,4.61512051684126,100.0,98.0,97.0,1.0101010101010166,99.5,1.0000000000000009,3.0612244897959107,0,0,market,train
2018-09-01,2018,3,21,102.0,4.624972813284271,101.0,98.0,97.0,1.0000000000000009,100.5,0.990099009900991,4.081632653061229,0,0,market,train
2018-12-01,2018,4,22,103.0,4.634728988229636,102.0,99.0,97.0,0.990099009900991,101.5,0.9803921568627416,4.040404040404044,0,0,market,train
2019-03-01,2019,1,23,103.0,4.634728988229636,103.0,100.0,97.0,0.9803921568627416,102.25,0.0,3.0000000000000027,0,0,market,train
2019-06-01,2019,2,24,104.0,4.6443908991413725,103.0,101.0,98.0,0.0,103.0,0.9708737864077666,2.970297029702973,0,0,market,train
2019-09-01,2019,3,25,104.0,4.6443908991413725,104.0,102.0,98.0,0.9708737864077666,103.5,0.0,1.9607843137254832,0,0,market,train
2019-12-01,2019,4,26,104.0,4.6443908991413725,104.0,103.0,99.0,0.0,103.75,0.0,0.9708737864077666,0,0,market,train
2020-03-01,2020,1,27,104.0,4.6443908991413725,104.0,103.0,100.0,0.0,104.0,0.0,0.9708737864077666,0,1,market,train
2020-06-01,2020,2,28,104.0,4.6443908991413725,104.0,104.0,101.0,0.0,104.0,0.0,0.0,0,1,market,train
2020-09-01,2020,3,29,104.0,4.6443908991413725,104.0,104.0,102.0,0.0,104.0,0.0,0.0,0,1,market,train
2020-12-01,2020,4,30,105.0,4.653960350157523,104.0,104.0,103.0,0.0,104.25,0.961538461538458,0.961538461538458,0,1,market,train
2021-03-01,2021,1,31,105.0,4.653960350157523,105.0,104.0,103.0,0.961538461538458,104.5,0.0,0.961538461538458,0,1,market,train
2021-06-01,2021,2,32,106.0,4.663439094112067,105.0,104.0,104.0,0.0,105.0,0.952380952380949,1.923076923076916,0,1,market,train
2021-09-01,2021,3,33,107.0,4.672828834461906,106.0,104.0,104.0,0.952380952380949,105.75,0.9433962264151052,2.8846153846153744,0,1,market,train
2021-12-01,2021,4,34,108.0,4.68213122712422,107.0,105.0,104.0,0.9433962264151052,106.5,0.9345794392523256,2.857142857142847,0,1,market,train
2022-03-01,2022,1,35,110.0,4.700480365792417,108.0,105.0,104.0,0.9345794392523256,107.75,1.85185185185186,4.761904761904767,1,0,market,test
2022-06-01,2022,2,36,112.0,4.718498871295094,110.0,106.0,104.0,1.85185185185186,109.25,1.818181818181808,5.660377358490565,1,0,market,test
2022-09-01,2022,3,37,116.12,4.754624139156429,112.0,107.0,104.0,1.818181818181808,111.53,3.678571428571442,8.523364485981322,1,0,market,test
2022-12-01,2022,4,38,119.71,4.785072151263279,116.12,108.0,105.0,3.678571428571442,114.4575,3.091629348949354,10.842592592592592,1,0,market,test
2023-03-01,2023,1,39,122.87,4.81112688587948,119.71,110.0,105.0,3.091629348949354,117.675,2.6397126388773007,11.7,1,0,market,test
2023-06-01,2023,2,40,125.69,4.8338185579367465,122.87,112.0,106.0,2.6397126388773007,121.0975,2.295108651420197,12.22321428571429,1,0,market,test
2023-09-01,2023,3,41,128.56,4.856395721429257,125.69,116.12,107.0,2.295108651420197,124.2075,2.2833956559789925,10.713055459869093,1,0,market,test
2023-12-01,2023,4,42,131.99,4.882726162140863,128.56,119.71,108.0,2.2833956559789925,127.2775,2.6680149346608677,10.258123799181362,1,0,market,test
2024-03-01,2024,1,43,135.37,4.908011770197695,131.99,122.87,110.0,2.6680149346608677,130.4025,2.5608000606106573,10.173353951330675,1,0,market,test
2024-06-01,2024,2,44,139.08,4.935049307139661,135.37,125.69,112.0,2.5608000606106573,133.75,2.740636773288041,10.653194367093665,1,0,market,test
2024-09-01,2024,3,45,142.95,4.9624949187683205,139.08,128.56,116.12,2.740636773288041,137.3475,2.7825711820534726,11.19321717485997,1,0,market,test
2024-12-01,2024,4,46,140.61,4.9459901006027245,142.95,131.99,119.71,2.7825711820534726,139.5025,-1.6369359916054371,6.530797787711196,1,0,assessment_imputed,test
2025-03-01,2025,1,47,143.29,4.964870548728511,140.61,135.37,122.87,-1.6369359916054371,141.48250000000002,1.9059810824265444,5.850631602275236,1,0,assessment_imputed,test
2025-06-01,2025,2,48,143.98,4.969674401041157,143.29,139.08,125.69,1.9059810824265444,142.70749999999998,0.4815409309791407,3.5231521426516865,1,0,assessment_imputed,test
2025-09-01,2025,3,49,145.02,4.976871663943447,143.98,142.95,128.56,0.4815409309791407,143.22500000000002,0.7223225447978932,1.448058761804849,1,0,assessment_imputed,test
2025-12-01,2025,4,50,147.65,4.994844608189932,145.02,140.61,131.99,0.7223225447978932,144.985,1.813542959591774,5.006756276225022,1,0,assessment_imputed,test
